{
    "CMA-ES_best_model_results_enemy[1, 2, 3].csv": 21.526662583122608,
    "GA_best_model_results_enemy[1, 2, 3].csv": 10.393682502297871
}