{"CMA-ES [1, 2, 3, 4, 6, 7, 8]": [-6.51408702848021, 12.92028349194527, -9.537701999999058, 11.528530401281163, 17.118435521475597, 11.604066513350848, 7.401043943207496, -0.19538375547430498, 0.951931897100394, 21.113136665479004], "CMA-ES [1, 2, 3]": [-0.5751313027864953, 6.228649890583206, -0.5634473642340083, 4.518389218506275, 7.703352240386764, 6.461583853707808, 4.750917693664526, 6.10009419923135, 21.526662583122608, -0.25778060593776786]}