{"GA [1, 2, 3, 4, 6, 7, 8]": [-0.7976793136990743, -6.503949239877231, 3.261165584303992, 7.284413042110888, 4.693229274396437, 7.0768700896887715, -2.5194093895375858, -3.1169494486559017, -12.796284733506209, 3.882729274484742], "GA [1, 2, 3]": [-3.7408341284543525, -0.4618676497257823, -1.1967442619333966, 3.4798484572653834, 6.88314635437748, 7.093322089605408, 10.393682502297871, 5.427611431318404, 4.563850721467162, 5.610908352808316]}