{
   "Number of enemies": 7,
   "sigma": 3.644803583883632,
   "Population size": 55,
   "CMA_mu": 3,
   "CMA_rankmu": 1.4661612774706554,
   "CMA_rankone": 0.6059785441661372,
   "CMA_dampsvec_fac": 0.34053591723086685,
   "CMA_active": true,
   "CMA_mirrors": true,
   "CMA_mirrormethod": 0,
   "CMA_dampsvec_fade": 0.9026565987125876,
   "minstd": 2.8205521113027474e-07,
   "maxstd": 0.8821191055892147,
   "generations": 243
}